creado_utc,evento,origen,cron,programado_utc,iniciado_utc,deriva_programacion_min,deriva_cola_min,recolectado,run_id
2026-09-04T16:10:21Z,workflow_dispatch,manual,"",,2026-09-04T16:10:21Z,,0.0,true,33893634431
2026-09-04T18:57:49Z,schedule,,"10 16 * * *",2026-09-04T16:10:00Z,2026-09-04T18:57:49Z,167.8,0.0,true,33908658037
2026-09-05T05:10:20Z,workflow_dispatch,manual,"",,2026-09-05T05:10:20Z,,0.0,true,33946498642
2026-09-05T08:23:28Z,workflow_dispatch,manual,"",,2026-09-05T08:23:28Z,,0.0,success,33955126539
2026-09-05T08:58:40Z,schedule,,"10 5 * * *",2026-09-05T05:10:00Z,2026-09-05T08:58:40Z,228.7,0.0,skipped,33956715937
2026-09-05T16:10:20Z,workflow_dispatch,manual,"",,2026-09-05T16:10:20Z,,0.0,success,33977025588
2026-09-05T18:12:36Z,schedule,,"10 16 * * *",2026-09-05T16:10:00Z,2026-09-05T18:12:36Z,122.6,0.0,skipped,33983336596
2026-09-06T05:10:20Z,workflow_dispatch,manual,"",,2026-09-06T05:10:20Z,,0.0,success,34013313555
2026-09-06T09:20:00Z,schedule,,"10 5 * * *",2026-09-06T05:10:00Z,2026-09-06T09:20:00Z,250.0,0.0,skipped,34024349622
2026-09-06T16:10:23Z,workflow_dispatch,manual,"",,2026-09-06T16:10:23Z,,0.0,success,34044592369
2026-09-06T18:14:09Z,schedule,,"10 16 * * *",2026-09-06T16:10:00Z,2026-09-06T18:14:09Z,124.2,0.0,skipped,34051060751
2026-09-07T05:10:20Z,workflow_dispatch,manual,"",,2026-09-07T05:10:20Z,,0.0,success,34085763793
2026-09-07T10:10:22Z,schedule,,"10 5 * * *",2026-09-07T05:10:00Z,2026-09-07T10:10:22Z,300.4,0.0,skipped,34110030892
2026-09-07T16:10:22Z,workflow_dispatch,manual,"",,2026-09-07T16:10:22Z,,0.0,success,34141976542
2026-09-07T19:53:53Z,schedule,,"10 16 * * *",2026-09-07T16:10:00Z,2026-09-07T19:53:53Z,223.9,0.0,skipped,34157320648
2026-09-08T05:10:21Z,workflow_dispatch,manual,"",,2026-09-08T05:10:21Z,,0.0,success,34189616913
2026-09-08T09:33:55Z,schedule,,"10 5 * * *",2026-09-08T05:10:00Z,2026-09-08T09:33:55Z,263.9,0.0,skipped,34210697589
2026-09-08T16:10:25Z,workflow_dispatch,manual,"",,2026-09-08T16:10:25Z,,0.0,success,34249419090
2026-09-08T19:24:15Z,schedule,,"10 16 * * *",2026-09-08T16:10:00Z,2026-09-08T19:24:15Z,194.2,0.0,skipped,34268749621
2026-09-09T05:10:22Z,workflow_dispatch,manual,"",,2026-09-09T05:10:22Z,,0.0,success,34313812881
2026-09-09T09:37:18Z,schedule,,"10 5 * * *",2026-09-09T05:10:00Z,2026-09-09T09:37:18Z,267.3,0.0,skipped,34335730869
2026-09-09T16:10:23Z,workflow_dispatch,manual,"",,2026-09-09T16:10:23Z,,0.0,success,34375035676
2026-09-09T19:14:26Z,schedule,,"10 16 * * *",2026-09-09T16:10:00Z,2026-09-09T19:14:26Z,184.4,0.0,skipped,34393869364
2026-09-10T05:10:22Z,workflow_dispatch,manual,"",,2026-09-10T05:10:22Z,,0.0,success,34440008786
2026-09-10T09:36:18Z,schedule,,"10 5 * * *",2026-09-10T05:10:00Z,2026-09-10T09:36:18Z,266.3,0.0,skipped,34461550957
2026-09-10T16:10:23Z,workflow_dispatch,manual,"",,2026-09-10T16:10:23Z,,0.0,success,34500396419
2026-09-10T19:05:43Z,schedule,,"10 16 * * *",2026-09-10T16:10:00Z,2026-09-10T19:05:43Z,175.7,0.0,skipped,34518330901
2026-09-11T05:10:22Z,workflow_dispatch,manual,"",,2026-09-11T05:10:22Z,,0.0,success,34564932845
2026-09-11T09:33:57Z,schedule,,"10 5 * * *",2026-09-11T05:10:00Z,2026-09-11T09:33:57Z,263.9,0.0,skipped,34584849031
2026-09-11T16:10:23Z,workflow_dispatch,manual,"",,2026-09-11T16:10:23Z,,0.0,success,34620441443
2026-09-11T19:07:51Z,schedule,,"10 16 * * *",2026-09-11T16:10:00Z,2026-09-11T19:07:51Z,177.8,0.0,skipped,34637154642
2026-09-12T05:10:23Z,workflow_dispatch,manual,"",,2026-09-12T05:10:23Z,,0.0,success,34674898620
2026-09-12T09:13:00Z,schedule,,"10 5 * * *",2026-09-12T05:10:00Z,2026-09-12T09:13:00Z,243.0,0.0,skipped,34685259013
2026-09-12T16:10:23Z,workflow_dispatch,manual,"",,2026-09-12T16:10:23Z,,0.0,success,34704417690
2026-09-12T18:18:49Z,schedule,,"10 16 * * *",2026-09-12T16:10:00Z,2026-09-12T18:18:49Z,128.8,0.0,skipped,34710805757
2026-09-13T05:10:21Z,workflow_dispatch,manual,"",,2026-09-13T05:10:21Z,,0.0,success,34739639401
2026-09-13T10:09:39Z,schedule,,"10 5 * * *",2026-09-13T05:10:00Z,2026-09-13T10:09:39Z,299.6,0.0,skipped,34751130431
2026-09-13T16:10:23Z,workflow_dispatch,manual,"",,2026-09-13T16:10:23Z,,0.0,success,34767777233
2026-09-13T18:45:25Z,schedule,,"10 16 * * *",2026-09-13T16:10:00Z,2026-09-13T18:45:25Z,155.4,0.0,skipped,34775607854
2026-09-14T05:10:22Z,workflow_dispatch,manual,"",,2026-09-14T05:10:22Z,,0.0,success,34808641773
2026-09-14T10:32:06Z,schedule,,"10 5 * * *",2026-09-14T05:10:00Z,2026-09-14T10:32:06Z,322.1,0.0,skipped,34833653291
2026-09-14T16:10:24Z,workflow_dispatch,manual,"",,2026-09-14T16:10:24Z,,0.0,success,34866935603
2026-09-14T20:16:36Z,schedule,,"10 16 * * *",2026-09-14T16:10:00Z,2026-09-14T20:16:36Z,246.6,0.0,skipped,34891928634
2026-09-15T05:10:23Z,workflow_dispatch,manual,"",,2026-09-15T05:10:23Z,,0.0,success,34931665143
2026-09-15T09:59:24Z,schedule,,"10 5 * * *",2026-09-15T05:10:00Z,2026-09-15T09:59:24Z,289.4,0.0,skipped,34955488260
2026-09-15T16:10:23Z,workflow_dispatch,manual,"",,2026-09-15T16:10:23Z,,0.0,success,34993290518
2026-09-15T19:40:00Z,schedule,,"10 16 * * *",2026-09-15T16:10:00Z,2026-09-15T19:40:00Z,210.0,0.0,skipped,35014975585
2026-09-16T05:10:21Z,workflow_dispatch,manual,"",,2026-09-16T05:10:21Z,,0.0,success,35058454213
2026-09-16T09:51:39Z,schedule,,"10 5 * * *",2026-09-16T05:10:00Z,2026-09-16T09:51:39Z,281.6,0.0,skipped,35081782386
2026-09-16T16:10:22Z,workflow_dispatch,manual,"",,2026-09-16T16:10:22Z,,0.0,success,35120173430
2026-09-16T19:31:06Z,schedule,,"10 16 * * *",2026-09-16T16:10:00Z,2026-09-16T19:31:06Z,201.1,0.0,skipped,35141030103
2026-09-17T05:10:22Z,workflow_dispatch,manual,"",,2026-09-17T05:10:22Z,,0.0,success,35184692144
2026-09-17T09:56:30Z,schedule,,"10 5 * * *",2026-09-17T05:10:00Z,2026-09-17T09:56:30Z,286.5,0.0,skipped,35207837095
2026-09-17T16:10:21Z,workflow_dispatch,manual,"",,2026-09-17T16:10:21Z,,0.0,success,35244912924
2026-09-17T19:41:57Z,schedule,,"10 16 * * *",2026-09-17T16:10:00Z,2026-09-17T19:41:57Z,211.9,0.0,skipped,35266417720
2026-09-18T05:10:23Z,workflow_dispatch,manual,"",,2026-09-18T05:10:23Z,,0.0,success,35309762705
2026-09-18T09:38:03Z,schedule,,"10 5 * * *",2026-09-18T05:10:00Z,2026-09-18T09:38:03Z,268.1,0.0,skipped,35330549571
2026-09-18T16:10:23Z,workflow_dispatch,manual,"",,2026-09-18T16:10:23Z,,0.0,success,35366867721
2026-09-18T19:00:23Z,schedule,,"10 16 * * *",2026-09-18T16:10:00Z,2026-09-18T19:00:23Z,170.4,0.0,skipped,35383457821
2026-09-19T05:10:21Z,workflow_dispatch,manual,"",,2026-09-19T05:10:21Z,,0.0,success,35423238817
2026-09-19T09:24:54Z,schedule,,"10 5 * * *",2026-09-19T05:10:00Z,2026-09-19T09:24:54Z,254.9,0.0,skipped,35434626020
2026-09-19T16:10:21Z,workflow_dispatch,manual,"",,2026-09-19T16:10:21Z,,0.0,success,35454097793
2026-09-19T18:34:00Z,schedule,,"10 16 * * *",2026-09-19T16:10:00Z,2026-09-19T18:34:00Z,144.0,0.0,skipped,35461602119
2026-09-20T05:10:22Z,workflow_dispatch,manual,"",,2026-09-20T05:10:22Z,,0.0,success,35490994316
2026-09-20T09:43:52Z,schedule,,"10 5 * * *",2026-09-20T05:10:00Z,2026-09-20T09:43:52Z,273.9,0.0,skipped,35503114952
2026-09-20T16:10:22Z,workflow_dispatch,manual,"",,2026-09-20T16:10:22Z,,0.0,success,35521867191
2026-09-20T18:43:09Z,schedule,,"10 16 * * *",2026-09-20T16:10:00Z,2026-09-20T18:43:09Z,153.2,0.0,skipped,35529964760
2026-09-21T05:10:21Z,workflow_dispatch,manual,"",,2026-09-21T05:10:21Z,,0.0,success,35563596078
2026-09-21T10:37:17Z,schedule,,"10 5 * * *",2026-09-21T05:10:00Z,2026-09-21T10:37:17Z,327.3,0.0,skipped,35589713299
2026-09-21T16:10:22Z,workflow_dispatch,manual,"",,2026-09-21T16:10:22Z,,0.0,success,35623884366
2026-09-21T20:23:45Z,schedule,,"10 16 * * *",2026-09-21T16:10:00Z,2026-09-21T20:23:45Z,253.8,0.0,skipped,35650786856
2026-09-22T05:10:22Z,workflow_dispatch,manual,"",,2026-09-22T05:10:22Z,,0.0,success,35689669500
2026-09-22T09:51:55Z,schedule,,"10 5 * * *",2026-09-22T05:10:00Z,2026-09-22T09:51:55Z,281.9,0.0,skipped,35712787762
2026-09-22T16:10:22Z,workflow_dispatch,manual,"",,2026-09-22T16:10:22Z,,0.0,success,35752324747
2026-09-22T19:42:41Z,schedule,,"10 16 * * *",2026-09-22T16:10:00Z,2026-09-22T19:42:41Z,212.7,0.0,skipped,35775532188
2026-09-23T05:10:22Z,workflow_dispatch,manual,"",,2026-09-23T05:10:22Z,,0.0,success,35821313600
2026-09-23T09:53:22Z,schedule,,"10 5 * * *",2026-09-23T05:10:00Z,2026-09-23T09:53:22Z,283.4,0.0,skipped,35845574877
2026-09-23T16:10:24Z,workflow_dispatch,manual,"",,2026-09-23T16:10:24Z,,0.0,success,35886886950
2026-09-23T19:38:29Z,schedule,,"10 16 * * *",2026-09-23T16:10:00Z,2026-09-23T19:38:29Z,208.5,0.0,skipped,35910672930
2026-09-24T05:10:22Z,workflow_dispatch,manual,"",,2026-09-24T05:10:22Z,,0.0,success,35958769406
2026-09-24T09:54:21Z,schedule,,"10 5 * * *",2026-09-24T05:10:00Z,2026-09-24T09:54:21Z,284.4,0.0,skipped,35984078492
2026-09-24T16:10:23Z,workflow_dispatch,manual,"",,2026-09-24T16:10:23Z,,0.0,success,36025484966
2026-09-24T19:57:35Z,schedule,,"10 16 * * *",2026-09-24T16:10:00Z,2026-09-24T19:57:35Z,227.6,0.0,skipped,36051644620
2026-09-25T05:10:22Z,workflow_dispatch,manual,"",,2026-09-25T05:10:22Z,,0.0,success,36097441769
2026-09-25T10:08:23Z,schedule,,"10 5 * * *",2026-09-25T05:10:00Z,2026-09-25T10:08:23Z,298.4,0.0,skipped,36122335535
2026-09-25T16:10:22Z,workflow_dispatch,manual,"",,2026-09-25T16:10:22Z,,0.0,success,36159042295
2026-09-25T19:59:32Z,schedule,,"10 16 * * *",2026-09-25T16:10:00Z,2026-09-25T19:59:32Z,229.5,0.0,skipped,36183010862
2026-09-26T05:10:20Z,workflow_dispatch,manual,"",,2026-09-26T05:10:20Z,,0.0,success,36220000457
2026-09-26T09:48:59Z,schedule,,"10 5 * * *",2026-09-26T05:10:00Z,2026-09-26T09:48:59Z,279.0,0.0,skipped,36233910030
2026-09-26T16:10:22Z,workflow_dispatch,manual,"",,2026-09-26T16:10:22Z,,0.0,success,36254501593
2026-09-26T19:10:57Z,schedule,,"10 16 * * *",2026-09-26T16:10:00Z,2026-09-26T19:10:57Z,180.9,0.0,skipped,36265147753
2026-09-27T05:10:22Z,workflow_dispatch,manual,"",,2026-09-27T05:10:22Z,,0.0,success,36296425787
2026-09-27T10:30:23Z,schedule,,"10 5 * * *",2026-09-27T05:10:00Z,2026-09-27T10:30:23Z,320.4,0.0,skipped,36312746848
2026-09-27T16:10:21Z,workflow_dispatch,manual,"",,2026-09-27T16:10:21Z,,0.0,success,36332240761
2026-09-27T19:43:40Z,schedule,,"10 16 * * *",2026-09-27T16:10:00Z,2026-09-27T19:43:40Z,213.7,0.0,skipped,36345410158
2026-09-28T05:10:20Z,workflow_dispatch,manual,"",,2026-09-28T05:10:20Z,,0.0,success,36380739186
2026-09-28T11:37:44Z,schedule,,"10 5 * * *",2026-09-28T05:10:00Z,2026-09-28T11:37:44Z,387.7,0.0,skipped,36416783367
2026-09-28T16:10:22Z,workflow_dispatch,manual,"",,2026-09-28T16:10:22Z,,0.0,success,36449092940
2026-09-28T21:53:31Z,schedule,,"10 16 * * *",2026-09-28T16:10:00Z,2026-09-28T21:53:31Z,343.5,0.0,skipped,36489045305
2026-09-29T05:10:21Z,workflow_dispatch,manual,"",,2026-09-29T05:10:21Z,,0.0,success,36524922019
2026-09-29T11:18:03Z,schedule,,"10 5 * * *",2026-09-29T05:10:00Z,2026-09-29T11:18:03Z,368.1,0.0,skipped,36560876332
2026-09-29T16:10:21Z,workflow_dispatch,manual,"",,2026-09-29T16:10:21Z,,0.0,success,36595752909
2026-09-29T20:42:10Z,schedule,,"10 16 * * *",2026-09-29T16:10:00Z,2026-09-29T20:42:10Z,272.2,0.0,skipped,36628207423
2026-09-30T05:10:20Z,workflow_dispatch,manual,"",,2026-09-30T05:10:20Z,,0.0,success,36672188118
2026-09-30T11:06:07Z,schedule,,"10 5 * * *",2026-09-30T05:10:00Z,2026-09-30T11:06:07Z,356.1,0.0,skipped,36706446621
2026-09-30T16:10:20Z,workflow_dispatch,manual,"",,2026-09-30T16:10:20Z,,0.0,success,36742244448
2026-09-30T20:45:49Z,schedule,,"10 16 * * *",2026-09-30T16:10:00Z,2026-09-30T20:45:49Z,275.8,0.0,skipped,36774894777
2026-10-01T05:10:20Z,workflow_dispatch,manual,"",,2026-10-01T05:10:20Z,,0.0,success,36818503610
2026-10-01T11:32:46Z,schedule,,"10 5 * * *",2026-10-01T05:10:00Z,2026-10-01T11:32:46Z,382.8,0.0,skipped,36856041305
2026-10-01T16:10:21Z,workflow_dispatch,manual,"",,2026-10-01T16:10:21Z,,0.0,success,36889965669
2026-10-01T20:59:29Z,schedule,,"10 16 * * *",2026-10-01T16:10:00Z,2026-10-01T20:59:29Z,289.5,0.0,skipped,36925575597
2026-10-02T05:10:20Z,workflow_dispatch,manual,"",,2026-10-02T05:10:20Z,,0.0,success,36967744774
2026-10-02T11:02:04Z,schedule,,"10 5 * * *",2026-10-02T05:10:00Z,2026-10-02T11:02:04Z,352.1,0.0,skipped,36998766583
2026-10-02T16:10:20Z,workflow_dispatch,manual,"",,2026-10-02T16:10:20Z,,0.0,success,37032097416
2026-10-02T20:39:46Z,schedule,,"10 16 * * *",2026-10-02T16:10:00Z,2026-10-02T20:39:46Z,269.8,0.0,skipped,37062014773
2026-10-03T05:10:21Z,workflow_dispatch,manual,"",,2026-10-03T05:10:21Z,,0.0,success,37098960932
2026-10-03T10:21:00Z,schedule,,"10 5 * * *",2026-10-03T05:10:00Z,2026-10-03T10:21:00Z,311.0,0.0,skipped,37116120604
2026-10-03T16:10:20Z,workflow_dispatch,manual,"",,2026-10-03T16:10:20Z,,0.0,success,37135866941
2026-10-03T19:10:54Z,schedule,,"10 16 * * *",2026-10-03T16:10:00Z,2026-10-03T19:10:54Z,180.9,0.0,skipped,37146961609
2026-10-04T05:10:20Z,workflow_dispatch,manual,"",,2026-10-04T05:10:20Z,,0.0,success,37179108172
2026-10-04T11:04:02Z,schedule,,"10 5 * * *",2026-10-04T05:10:00Z,2026-10-04T11:04:02Z,354.0,0.0,skipped,37197453575
2026-10-04T16:10:20Z,workflow_dispatch,manual,"",,2026-10-04T16:10:20Z,,0.0,success,37215777345
2026-10-04T19:32:58Z,schedule,,"10 16 * * *",2026-10-04T16:10:00Z,2026-10-04T19:32:58Z,203.0,0.0,skipped,37228696931
2026-10-05T05:10:22Z,workflow_dispatch,manual,"",,2026-10-05T05:10:22Z,,0.0,success,37266588786
2026-10-05T12:12:05Z,schedule,,"10 5 * * *",2026-10-05T05:10:00Z,2026-10-05T12:12:05Z,422.1,0.0,success,37307885330
2026-10-05T16:10:21Z,workflow_dispatch,manual,"",,2026-10-05T16:10:21Z,,0.0,success,37338743666
2026-10-05T22:34:16Z,schedule,,"10 16 * * *",2026-10-05T16:10:00Z,2026-10-05T22:34:16Z,384.3,0.0,skipped,37383311720
2026-10-06T05:10:20Z,workflow_dispatch,manual,"",,2026-10-06T05:10:20Z,,0.0,success,37417210271
2026-10-06T11:57:43Z,schedule,,"10 5 * * *",2026-10-06T05:10:00Z,2026-10-06T11:57:43Z,407.7,0.0,success,37459906713
2026-10-06T16:10:20Z,workflow_dispatch,manual,"",,2026-10-06T16:10:20Z,,0.0,success,37493573962
2026-10-06T20:55:48Z,schedule,,"10 16 * * *",2026-10-06T16:10:00Z,2026-10-06T20:55:48Z,285.8,0.0,skipped,37530153231
2026-10-07T05:10:20Z,workflow_dispatch,manual,"",,2026-10-07T05:10:20Z,,0.0,success,37575004050
2026-10-07T11:42:26Z,schedule,,"10 5 * * *",2026-10-07T05:10:00Z,2026-10-07T11:42:26Z,392.4,0.0,skipped,37615894500
2026-10-07T16:10:20Z,workflow_dispatch,manual,"",,2026-10-07T16:10:20Z,,0.0,success,37649952860
2026-10-07T21:14:29Z,schedule,,"10 16 * * *",2026-10-07T16:10:00Z,2026-10-07T21:14:29Z,304.5,0.0,skipped,37687978991
2026-10-08T05:10:20Z,workflow_dispatch,manual,"",,2026-10-08T05:10:20Z,,0.0,success,37731035406
2026-10-08T11:57:23Z,schedule,,"10 5 * * *",2026-10-08T05:10:00Z,2026-10-08T11:57:23Z,407.4,0.0,success,37773504345
2026-10-08T16:10:20Z,workflow_dispatch,manual,"",,2026-10-08T16:10:20Z,,0.0,success,37806688929
2026-10-08T21:15:46Z,schedule,,"10 16 * * *",2026-10-08T16:10:00Z,2026-10-08T21:15:46Z,305.8,0.0,skipped,37845519504
2026-10-09T05:10:21Z,workflow_dispatch,manual,"",,2026-10-09T05:10:21Z,,0.0,success,37887294026
2026-10-09T11:49:31Z,schedule,,"10 5 * * *",2026-10-09T05:10:00Z,2026-10-09T11:49:31Z,399.5,0.0,success,37926110247
2026-10-09T16:10:21Z,workflow_dispatch,manual,"",,2026-10-09T16:10:21Z,,0.0,success,37957157519
